COMPANY_FKEY,bank_event
0000002034,2019-02-19
0000002178,2017-04-21
0000002852,2002-10-01
0000003116,2020-05-20
0000003662,2001-02-06
0000003941,2000-10-02
0000004457,2003-06-20
0000004515,2011-11-29
0000004707,2006-06-19
0000005588,2000-01-14
0000006071,2001-08-20
0000006201,2011-11-29
0000006260,2001-10-19
0000006885,2000-06-01
0000006948,2000-01-07
0000007431,2000-12-06
0000008109,2000-12-08
0000008302,1998-09-22
0000009779,2009-03-18
0000011860,2001-10-15
0000012105,2000-11-22
0000012180,2001-08-17
0000012570,2008-04-01
0000013156,2008-06-16
0000013239,2019-04-01
0000014195,2020-07-20
0000015678,2002-12-31
0000016104,2011-10-19
0000016357,2001-07-26
0000018172,2017-06-18
0000018530,2003-05-13
0000019161,2007-10-10
0000019411,2003-03-11
0000019731,2008-12-29
0000020520,2020-04-14
0000021438,2009-01-14
0000022551,2012-08-07
0000022872,2020-09-07
0000023304,2003-09-24
0000023341,2003-12-31
0000023778,2007-11-06
0000025354,2013-05-01
0000026780,2006-03-03
0000027425,2004-11-30
0000027613,2011-10-03
0000027904,2005-09-15
0000027960,2009-07-02
0000028761,2002-12-13
0000029693,2005-02-07
0000029806,2008-12-30
0000029834,2015-11-05
0000030117,2001-12-28
0000030197,2003-11-26
0000030302,2014-10-13
0000030419,2009-05-28
0000030841,2003-05-06
0000030908,2000-02-29
0000030927,1990-12-10
0000031079,2001-01-17
0000031235,2012-01-19
0000032272,2005-09-08
0000032878,2012-02-14
0000033073,2002-11-13
0000034115,2018-03-19
0000034296,2007-01-10
0000034339,2005-01-31
0000034471,2002-01-15
0000034616,2002-05-31
0000034879,2001-10-01
0000037525,2001-04-23
0000038079,2015-07-15
0000038242,2004-06-01
0000038570,2010-03-01
0000038792,2004-09-08
0000038984,2008-06-18
0000039135,2007-01-10
0000039547,2009-06-18
0000039743,1999-03-22
0000040511,2002-07-19
0000040518,2002-11-02
0000040675,2007-02-09
0000040730,2009-06-01
0000043300,2010-12-12
0000043960,2001-03-07
0000044471,2002-03-13
0000045791,2000-10-16
0000046012,2002-01-15
0000046043,2007-12-28
0000046109,2005-09-14
0000046216,2008-12-01
0000046601,2000-08-16
0000047129,2020-05-22
0000047254,2002-02-12
0000047968,2002-06-11
0000049534,2015-01-20
0000049588,2002-02-05
0000050957,2013-09-09
0000051103,2011-05-11
0000051124,2005-01-19
0000051939,2010-06-15
0000052617,2009-09-18
0000053025,2002-01-15
0000053453,2009-03-31
0000054193,2001-03-19
0000054291,2002-02-12
0000054681,2017-05-14
0000055604,2004-02-26
0000056151,2003-06-20
0000056824,2002-01-22
0000056871,1993-02-03
0000057055,2012-08-04
0000057187,2001-07-27
0000057201,2000-12-14
0000058361,2011-12-12
0000058592,2011-04-06
0000059401,2009-03-09
0000060064,2000-12-29
0000064247,2009-03-22
0000064892,1994-03-10
0000065202,2004-06-22
0000065384,2004-02-04
0000065914,2004-01-31
0000066849,2005-04-08
0000066895,2003-05-15
0000067199,2003-02-28
0000067494,2008-07-15
0000067532,2001-09-17
0000067727,2003-09-14
0000068619,2001-12-31
0000069623,2000-03-03
0000070412,2001-03-05
0000070578,2002-03-06
0000071478,2008-11-03
0000071508,2005-09-23
0000071525,2001-10-01
0000071745,2002-02-25
0000072316,2001-02-22
0000072423,2009-10-21
0000072655,2001-09-06
0000072911,2009-01-14
0000073088,2003-09-14
0000073093,2000-12-19
0000073605,2017-05-22
0000073609,2002-11-15
0000073887,2019-05-11
0000073902,2002-04-01
0000074585,2006-03-19
0000074783,2005-01-07
0000075208,2012-11-14
0000075234,2000-10-05
0000075488,2001-04-06
0000076321,2018-12-12
0000076741,2003-05-12
0000076744,2001-06-04
0000076791,2006-08-31
0000077155,2003-05-30
0000077159,2016-05-12
0000077281,2020-11-01
0000079225,2005-07-05
0000079326,2001-10-12
0000079424,2004-10-01
0000079839,2000-09-25
0000080324,1996-12-11
0000081050,2007-05-17
0000082536,2003-04-08
0000082925,2001-10-30
0000084919,2010-08-17
0000085417,2006-09-18
0000087888,2001-06-04
0000088095,2006-10-15
0000089107,2003-03-27
0000089615,2002-04-30
0000092223,1999-10-29
0000092339,2009-08-25
0000092827,2004-05-20
0000093456,2015-03-12
0000093542,2007-01-12
0000094026,2000-09-12
0000094601,2000-06-02
0000094610,2009-01-26
0000095585,2000-07-12
0000096287,2007-09-20
0000096289,2015-02-05
0000096294,2001-05-15
0000096638,2009-11-08
0000097052,2011-06-27
0000097579,2000-02-15
0000097931,2001-06-19
0000098222,2017-05-17
0000098559,2002-11-21
0000099102,2006-04-03
0000099321,2006-06-19
0000100517,2002-12-09
0000100817,2008-10-19
0000100979,2004-10-15
0000101063,2001-11-28
0000101704,2008-10-19
0000103341,2007-08-17
0000104218,2002-01-14
0000104599,2008-11-10
0000105096,2000-10-02
0000105107,2000-09-22
0000105183,2009-07-27
0000105608,2018-10-15
0000106423,2009-02-12
0000106455,2018-10-09
0000106618,2005-03-07
0000107559,2002-05-30
0000107681,2005-02-21
0000108976,2001-12-21
0000109870,2007-04-27
0000110740,2003-05-02
0000202890,2009-02-12
0000203200,2003-10-17
0000205239,2000-05-03
0000215155,2003-08-07
0000215310,2004-06-23
0000216039,2012-02-20
0000216983,2002-01-24
0000217165,2001-05-18
0000225211,2003-03-18
0000225463,2004-10-20
0000225569,2001-07-02
0000225868,2004-11-19
0000230131,2005-05-26
0000276641,2003-03-17
0000276750,2011-12-16
0000277028,2003-03-31
0000277923,2003-10-29
0000278041,2016-07-31
0000278130,2020-02-17
0000278327,2001-01-10
0000310316,2009-10-28
0000311049,1995-10-31
0000311871,2007-11-19
0000312037,2002-10-08
0000312065,2013-08-19
0000312066,2002-11-06
0000312840,2000-11-17
0000313041,2003-11-21
0000313395,2009-05-17
0000313625,2002-11-01
0000314132,2009-03-10
0000314606,2013-03-10
0000314808,2020-08-19
0000314865,2001-11-13
0000315136,2001-10-19
0000315641,2003-09-16
0000316236,2000-10-03
0000316300,2018-01-15
0000316621,2004-08-02
0000316643,2002-09-10
0000316672,2005-08-03
0000317477,2005-05-05
0000317788,2004-10-27
0000318259,2010-04-16
0000318262,2007-05-16
0000318580,2003-08-28
0000318716,1999-02-18
0000318996,2016-10-24
0000319124,2005-06-09
0000319156,2015-12-11
0000319237,2000-07-27
0000319379,2002-11-22
0000319450,2002-02-28
0000320174,2016-05-23
0000320515,2001-06-22
0000320573,2006-12-07
0000320575,2020-03-01
0000350133,2002-11-14
0000350305,2001-02-01
0000350403,2019-03-14
0000350524,2013-05-09
0000350920,2001-01-24
0000351017,2000-02-02
0000351127,2001-04-27
0000351717,2012-02-12
0000351817,2015-12-31
0000352079,2009-04-01
0000352747,2013-07-02
0000352949,2003-04-01
0000353634,2008-12-05
0000353779,2006-03-14
0000353827,2005-07-11
0000354699,2011-03-15
0000354767,2008-04-07
0000355622,2005-04-27
0000355701,2000-08-14
0000356395,2001-06-12
0000356591,2012-03-16
0000356708,2012-06-19
0000356830,2009-07-13
0000357097,2009-06-15
0000357108,2014-09-23
0000701345,2004-09-12
0000701374,2009-06-13
0000701856,2000-06-09
0000701974,2001-07-20
0000703799,2008-04-03
0000704384,2008-11-10
0000704508,2002-11-25
0000705408,2001-10-01
0000708819,2020-01-21
0000709197,1996-01-16
0000711665,2020-10-09
0000713138,2004-03-19
0000713492,2009-01-05
0000714560,2002-08-11
0000714756,2010-08-19
0000715031,2005-09-28
0000715414,2004-02-26
0000715779,2011-06-26
0000716214,2010-10-07
0000716644,2002-12-11
0000716823,2009-03-10
0000716934,2001-01-22
0000717422,2008-09-19
0000717751,2009-10-21
0000718007,2009-04-02
0000719241,2002-12-17
0000719662,2009-03-12
0000720145,2008-07-28
0000720676,1999-06-25
0000721083,1997-10-01
0000721176,2001-04-30
0000721675,2001-09-24
0000722051,2009-05-12
0000722104,2013-10-14
0000722487,2001-07-16
0000722573,2001-05-25
0000722839,2006-07-07
0000723371,2009-01-23
0000723527,2002-07-21
0000723924,2009-02-09
0000724571,2019-09-09
0000724742,2011-11-02
0000725151,2000-04-07
0000725282,2001-10-15
0000725395,2003-01-24
0000726513,2008-12-08
0000726569,1999-11-01
0000726608,2000-01-30
0000726990,2010-10-28
0000727089,2003-05-23
0000727347,2003-09-15
0000727672,2002-09-13
0000727742,2009-01-26
0000728249,2015-09-30
0000728586,2008-09-19
0000729330,2009-02-17
0000730169,2002-09-06
0000731190,2002-01-16
0000731647,2003-03-17
0000731859,2012-08-29
0000732152,2002-02-03
0000733337,2000-08-03
0000736035,2003-07-09
0000737203,2001-08-08
0000737243,2010-12-16
0000737561,2001-11-02
0000737762,2009-03-27
0000737955,2003-01-07
0000738194,2001-07-24
0000739708,2018-03-14
0000739878,2014-06-18
0000741012,2003-10-31
0000741815,2018-08-27
0000742814,2008-12-16
0000743029,2000-12-05
0000743368,2009-04-16
0000744106,2007-08-22
0000744667,2008-12-01
0000744962,2011-08-26
0000745167,2000-08-21
0000745287,2004-09-29
0000745448,2000-08-21
0000745655,2005-03-16
0000745774,2006-11-09
0000748210,2001-12-04
0000750199,2009-05-01
0000750274,2012-01-18
0000750339,2010-07-28
0000750813,2003-07-21
0000750901,2006-08-22
0000751976,2008-06-08
0000752208,2011-04-21
0000753048,2015-12-02
0000753772,2018-05-08
0000753899,2009-03-22
0000755926,1999-12-14
0000756680,2001-10-23
0000757011,2001-06-25
0000758604,2004-03-31
0000758722,2000-09-15
0000758743,2017-02-10
0000759153,2009-05-30
0000760497,2005-02-28
0000761034,2001-05-10
0000761682,2001-12-20
0000763098,2001-03-29
0000764241,2011-07-30
0000764763,2000-09-01
0000764794,2006-02-21
0000764858,2009-08-24
0000764897,2013-01-11
0000764960,2001-09-24
0000765414,2003-02-20
0000766004,2012-07-05
0000766738,2000-03-10
0000768119,2004-12-14
0000768957,2001-02-15
0000769591,2007-11-19
0000769852,2003-02-26
0000770471,2009-02-08
0000770944,2007-07-31
0000771176,2004-09-29
0000771298,1999-12-29
0000771729,2011-02-15
0000771934,2001-05-01
0000772349,2005-01-21
0000773135,2000-08-24
0000773318,2005-02-28
0000773326,2004-06-18
0000773603,2006-11-17
0000773723,2003-04-01
0000773724,2003-02-14
0000773937,2008-10-02
0000774492,2009-03-18
0000774937,2006-04-09
0000775714,1999-07-19
0000776008,2016-09-27
0000777516,2011-09-23
0000778161,2001-01-18
0000778164,2009-05-17
0000778423,2005-08-31
0000778438,2016-05-11
0000779033,2001-11-08
0000779226,2005-10-14
0000779334,2002-06-03
0000779733,2002-09-25
0000780118,2001-07-24
0000780882,2001-04-30
0000781889,2004-05-05
0000782995,2001-08-15
0000783209,2004-05-18
0000783211,2008-10-31
0000783738,2009-02-24
0000784932,2007-12-21
0000784977,2003-06-27
0000785080,2002-06-25
0000785814,2000-02-02
0000785962,2000-01-04
0000785968,2015-10-01
0000786343,2000-11-14
0000786765,2009-06-01
0000788951,1992-05-06
0000788983,2008-08-27
0000789878,2008-05-30
0000789879,2004-09-01
0000790360,2003-08-04
0000790414,2009-01-14
0000790526,2003-09-04
0000790706,2001-06-04
0000791115,2007-09-19
0000791219,2001-04-02
0000792341,2006-08-25
0000792570,2001-05-18
0000795662,2001-07-16
0000795665,2000-11-20
0000796369,2009-05-11
0000796486,2002-06-25
0000796735,2008-03-30
0000796764,2016-06-14
0000797167,2006-08-31
0000797315,2001-05-31
0000797329,2008-04-16
0000797448,2008-04-25
0000797496,2005-07-05
0000797542,2002-11-06
0000797543,1999-09-27
0000797556,2000-05-03
0000798122,2006-10-26
0000798186,2001-05-21
0000798539,2002-12-02
0000798949,2020-05-22
0000798952,2003-02-27
0000799088,2000-08-08
0000799097,2007-11-26
0000799119,2004-10-07
0000799197,2001-04-06
0000799268,2004-03-09
0000800055,2001-12-18
0000800181,2002-11-27
0000800193,2001-07-02
0000800401,2004-10-25
0000801351,2001-06-11
0000801448,2001-01-22
0000801550,2003-08-25
0000801558,2003-12-09
0000802301,2006-05-08
0000802481,2008-12-01
0000804154,2014-12-05
0000804331,2006-12-13
0000804888,2004-09-01
0000805012,2010-07-29
0000805020,2009-10-16
0000805305,2015-09-09
0000805907,2001-05-21
0000805956,2000-02-04
0000806085,2008-09-15
0000806514,2009-07-02
0000806624,2006-10-13
0000806817,2010-07-18
0000807144,2001-10-02
0000807877,2003-01-22
0000808207,2000-05-03
0000808220,2001-05-17
0000808713,2000-10-04
0000810208,2012-12-21
0000810332,2010-01-05
0000810365,2000-06-26
0000810536,2010-01-06
0000810932,2004-06-30
0000811014,2001-12-06
0000811510,2008-01-11
0000811596,2002-02-12
0000811696,2008-02-19
0000811828,2008-08-10
0000811863,1996-06-04
0000812446,2004-02-09
0000812708,2008-02-22
0000812906,2007-03-21
0000812927,2003-09-02
0000813347,2001-08-24
0000813775,2004-01-13
0000813781,2002-04-15
0000813856,2002-05-06
0000814068,2009-11-15
0000814249,2000-04-13
0000814457,2006-12-20
0000814580,2006-12-29
0000815093,2002-06-17
0000815508,2009-07-16
0000817129,2003-09-26
0000817644,2002-03-29
0000817785,2008-10-13
0000817979,2009-10-08
0000818008,2010-07-16
0000818074,2007-04-25
0000818467,2000-05-02
0000818682,2008-11-07
0000818808,2003-04-04
0000818815,2000-06-16
0000819255,2002-12-12
0000819479,2004-03-29
0000819551,2009-03-02
0000819690,2003-11-20
0000819818,2003-01-22
0000819975,2012-01-05
0000820408,2006-08-23
0000821407,2010-11-01
0000821483,2011-12-16
0000821511,1999-07-14
0000821536,2011-05-16
0000822076,2003-10-20
0000822665,2010-02-25
0000823927,2001-11-27
0000824109,2002-04-08
0000824174,2002-03-22
0000825692,2009-05-31
0000826253,2005-06-24
0000826743,2000-11-01
0000826773,2001-07-30
0000827809,2019-05-20
0000828529,2002-05-03
0000828956,2004-01-22
0000829218,2002-02-27
0000829499,2004-09-22
0000829549,2002-10-10
0000829676,2003-03-04
0000829764,2001-07-11
0000830141,2001-07-31
0000830741,2013-09-23
0000830821,2002-05-16
0000831002,2000-12-08
0000831115,2005-06-15
0000831246,2012-06-04
0000831327,2001-01-16
0000831489,2001-05-25
0000831669,2002-04-16
0000832412,2001-05-25
0000832820,2000-01-18
0000832922,2001-03-26
0000833203,2011-10-07
0000833376,2000-08-23
0000834408,2008-10-27
0000835582,2001-08-01
0000835768,2005-10-13
0000837038,2007-09-19
0000837166,2002-08-02
0000837173,2015-07-15
0000837339,2001-03-29
0000837342,2011-05-01
0000837472,2003-03-12
0000837490,2001-10-30
0000837852,2003-01-02
0000839437,2002-02-27
0000839441,2012-12-17
0000839621,2006-12-11
0000840216,2009-10-27
0000840256,2009-07-21
0000840264,2012-08-09
0000840319,2006-05-23
0000840889,2015-03-11
0000841123,2010-12-28
0000841533,1997-07-29
0000841555,2002-03-08
0000841866,2007-12-27
0000842009,2001-11-21
0000842010,2008-05-20
0000842162,2009-07-07
0000842635,2009-01-06
0000842807,2001-04-18
0000843081,2010-11-15
0000843494,2008-08-05
0000843650,2001-04-17
0000843964,2006-04-28
0000844055,2004-01-26
0000844143,2020-05-18
0000844985,2015-08-28
0000845874,2003-06-10
0000845879,2008-02-14
0000846469,2003-01-24
0000846538,2003-04-09
0000846771,2002-09-23
0000846815,2005-05-17
0000846899,2000-10-03
0000847322,1998-10-05
0000847468,2001-01-11
0000847555,2009-02-11
0000849101,2004-02-04
0000849862,2002-08-14
0000849979,2003-05-19
0000850316,2001-11-07
0000850476,2009-02-18
0000850519,2003-03-21
0000850660,2001-11-19
0000851199,2007-12-21
0000851292,2000-05-23
0000851697,1997-09-22
0000851726,2015-08-26
0000852570,2013-08-05
0000852766,2013-03-01
0000852952,2003-06-01
0000853083,2004-09-27
0000853271,2001-12-20
0000853532,2001-12-28
0000853695,2012-03-25
0000853927,2010-11-17
0000854087,1996-01-03
0000854171,2009-01-30
0000854709,2009-04-19
0000854858,2007-12-27
0000854862,1999-10-19
0000854877,2003-04-09
0000855109,2006-12-14
0000855372,2009-11-24
0000855575,2000-04-06
0000855581,2006-03-29
0000855667,2010-02-03
0000855684,2004-11-02
0000856164,2001-06-06
0000856200,2000-06-09
0000856710,2008-07-15
0000856984,2002-09-19
0000857171,2005-07-18
0000857565,2002-01-30
0000857847,1999-11-09
0000858155,2011-05-20
0000858395,2015-01-15
0000858558,2009-08-24
0000859475,2012-01-04
0000859636,2001-01-17
0000859735,2005-10-14
0000859747,2008-06-02
0000859916,2008-06-23
0000860131,2004-04-19
0000860192,1999-02-01
0000860235,2003-09-26
0000860749,2003-04-22
0000861955,2009-09-15
0000862026,2007-12-17
0000863456,2015-01-15
0000863893,2005-07-01
0000864902,2001-03-30
0000865532,2001-04-04
0000865570,2012-12-19
0000865941,2019-12-08
0000866491,2001-08-06
0000866492,2005-10-03
0000866535,2009-01-10
0000866671,2005-05-24
0000866722,1996-12-06
0000866734,2010-04-10
0000866751,2001-05-25
0000866970,2002-08-21
0000867443,2000-05-15
0000867572,2000-07-20
0000867687,2007-10-15
0000868016,2004-02-04
0000868075,2004-03-23
0000868076,2000-08-04
0000868263,2000-04-05
0000868512,2009-03-31
0000868725,2017-12-19
0000868797,2001-04-18
0000868984,2008-06-23
0000869295,2009-01-12
0000869486,2001-08-07
0000869487,2014-03-11
0000869494,2003-05-14
0000869495,2003-02-19
0000869498,2007-06-14
0000870213,2001-11-15
0000870227,2002-04-16
0000870228,2011-01-28
0000870398,2013-04-26
0000871696,2000-07-24
0000872248,2018-11-06
0000872548,2003-01-03
0000872867,2002-02-24
0000873458,2001-09-26
0000873601,2000-10-06
0000874212,2006-03-27
0000874265,2000-06-22
0000874385,2007-06-02
0000874389,2004-12-01
0000874499,2020-11-13
0000874501,2010-11-08
0000874787,2002-11-11
0000874841,2016-04-07
0000875428,1996-01-25
0000875525,2008-12-15
0000875612,2000-01-31
0000875762,2010-04-28
0000875942,2001-04-06
0000876103,2002-10-15
0000876320,2000-01-25
0000877355,2008-11-26
0000878079,2018-02-04
0000878324,2000-07-24
0000878543,2000-03-10
0000878720,2003-01-13
0000878726,2020-05-27
0000878731,2009-08-05
0000878774,2010-04-26
0000878802,2017-06-29
0000878808,2010-01-27
0000879123,2008-06-09
0000879124,2000-02-04
0000879181,2002-07-31
0000879206,2003-10-10
0000879301,2003-09-05
0000879385,2003-12-08
0000879774,2000-11-16
0000879813,2006-05-08
0000879969,2000-11-09
0000880034,2008-01-29
0000880259,2003-02-27
0000880354,2003-02-18
0000880460,2017-08-26
0000880643,2012-08-03
0000881400,2002-01-31
0000881468,2008-02-21
0000881524,2020-07-07
0000881771,2002-10-11
0000881905,2012-02-01
0000882074,2002-07-16
0000882159,2003-03-10
0000882160,2002-08-05
0000882259,2001-03-30
0000882287,2000-01-18
0000883324,2002-05-09
0000883558,2000-07-26
0000883670,2010-03-08
0000883697,2011-04-08
0000883701,2001-03-07
0000883811,2003-07-17
0000884124,2002-02-19
0000884217,2020-08-02
0000884318,2001-07-02
0000884321,2007-07-20
0000884403,2009-08-24
0000884719,2008-09-16
0000884940,2020-08-12
0000884999,2000-09-25
0000885067,2002-07-21
0000885322,2013-08-12
0000885475,2008-09-15
0000885546,2003-03-04
0000885551,2012-07-12
0000885566,2000-12-17
0000885672,2004-02-01
0000885741,2002-05-09
0000886113,2001-01-22
0000886328,2017-07-06
0000886835,2020-12-07
0000887150,2016-11-23
0000887356,2000-12-26
0000887403,2003-06-03
0000887433,2008-03-30
0000887591,2004-03-30
0000887996,2001-07-05
0000888507,2002-06-20
0000888693,2009-07-14
0000888918,2001-09-21
0000889087,2001-08-30
0000889237,2001-11-01
0000889423,2012-10-17
0000889429,1998-01-06
0000889571,2000-09-05
0000889872,2002-02-25
0000889992,2008-11-21
0000890080,2005-09-19
0000890081,2005-09-19
0000890096,2002-08-25
0000890152,2001-08-21
0000890175,2002-12-17
0000890284,2001-10-19
0000890449,2000-02-07
0000890784,2005-06-02
0000890924,2002-06-28
0000890925,2001-09-20
0000891285,2001-07-30
0000891504,2009-03-19
0000891533,2009-01-15
0000891537,2009-01-15
0000891933,2001-01-05
0000892038,1999-01-06
0000892535,2009-05-01
0000892553,2003-07-08
0000892604,2001-03-12
0000892986,2016-06-02
0000893139,2002-12-18
0000893335,2001-06-08
0000893670,2001-12-05
0000893692,2003-03-27
0000893741,2004-07-12
0000894158,2003-06-06
0000894232,2000-10-10
0000894417,2002-12-19
0000894490,2009-05-22
0000894503,2001-03-07
0000894535,2001-08-10
0000894544,2007-10-30
0000894789,2001-08-08
0000895021,2001-08-21
0000895126,2020-06-28
0000895642,2012-01-26
0000895648,2009-04-16
0000895651,2004-06-24
0000895659,2000-03-20
0000895716,2004-03-26
0000896145,2001-07-18
0000896265,2000-11-14
0000896842,2013-06-17
0000896985,2019-10-21
0000897729,2004-11-21
0000897743,1997-01-27
0000897745,2003-09-16
0000897861,2011-04-27
0000898441,2003-05-28
0000898660,2009-07-28
0000898684,2009-08-05
0000898802,2001-02-15
0000898904,2004-10-26
0000899164,2004-06-10
0000899166,2010-04-14
0000899647,2010-07-12
0000899823,2000-12-18
0000900017,2012-03-26
0000900619,2004-03-01
0000901696,2007-10-15
0000902053,2003-07-29
0000902056,2002-05-22
0000902270,2008-11-23
0000902274,2020-06-01
0000902281,2009-07-09
0000902787,2000-11-27
0000904020,2005-11-07
0000904080,2016-12-14
0000904344,2000-04-20
0000904535,2001-06-19
0000904851,2016-06-17
0000904898,2001-05-01
0000904977,2002-11-14
0000904979,2020-08-30
0000905035,2001-10-11
0000905722,2002-02-04
0000905895,2007-10-16
0000906196,2008-09-15
0000906307,2002-09-04
0000906337,2008-07-23
0000906347,2002-05-08
0000906469,2001-05-14
0000906525,2002-06-03
0000906605,2002-04-23
0000907093,2001-03-16
0000907127,2009-04-21
0000908754,2008-08-04
0000908797,2002-02-06
0000909326,2009-04-20
0000909950,2005-07-31
0000909963,2001-04-04
0000909987,1999-10-28
0000910057,2009-05-13
0000910133,2002-12-17
0000910394,2003-02-05
0000910468,2000-06-15
0000910612,2020-11-01
0000910619,2009-03-05
0000910620,2004-01-20
0000910639,2005-08-26
0000910655,1989-08-04
0000910719,2001-12-07
0000911002,2013-01-27
0000911004,2005-01-14
0000911012,2002-09-13
0000911115,2003-08-04
0000911149,2009-08-18
0000911151,2010-08-05
0000911221,2001-11-26
0000911522,2000-05-17
0000911566,2001-08-02
0000911576,2006-07-18
0000911626,2005-01-11
0000911631,2013-06-03
0000911801,2007-01-19
0000912083,2001-08-29
0000912241,2009-03-16
0000912295,2000-10-11
0000912365,2012-01-23
0000912908,2005-09-19
0000912952,2000-01-19
0000913015,2010-03-01
0000913034,2000-12-19
0000913159,2002-02-12
0000913285,2007-03-23
0000913364,2001-11-20
0000913665,2002-01-10
0000913666,2004-03-04
0000914384,2004-03-31
0000914435,2003-07-01
0000914480,2001-12-18
0000915140,2020-11-01
0000915354,2005-10-14
0000915390,2001-12-06
0000915859,2002-07-26
0000916104,2003-03-28
0000916105,1997-10-03
0000916106,2004-04-05
0000916107,1997-10-03
0000916108,1997-10-03
0000916109,2003-04-28
0000916112,1997-10-23
0000916184,2004-06-25
0000916457,2005-12-20
0000916823,2007-07-13
0000917464,2002-10-08
0000917707,2003-09-05
0000917770,2003-11-14
0000917821,2002-05-15
0000918275,2002-02-20
0000918577,2003-10-23
0000918581,2017-04-09
0000918653,2002-08-16
0000918765,2003-10-28
0000918944,2010-01-22
0000918963,2000-11-17
0000918964,2000-04-10
0000918999,2004-05-12
0000919013,2016-02-01
0000919226,2009-01-26
0000919603,2004-10-21
0000919611,2008-11-10
0000919943,2002-01-31
0000919957,2002-05-08
0000919999,2000-08-29
0000920038,2003-07-23
0000920042,2000-09-18
0000920317,2005-01-20
0000920321,2018-02-02
0000920448,2020-03-30
0000920771,2003-08-12
0000920947,2009-06-01
0000921439,2002-11-05
0000921445,2001-10-18
0000921549,2004-12-21
0000921898,2001-06-29
0000921929,2008-04-10
0000921960,2003-05-02
0000922257,1999-11-16
0000922341,1999-09-08
0000922404,2003-07-21
0000922471,2002-07-29
0000922475,2016-09-16
0000922810,2010-04-14
0000922812,2001-01-11
0000922868,2001-11-26
0000922978,2000-08-11
0000923473,2010-11-29
0000923529,2009-08-19
0000923877,2009-05-19
0000923899,2002-01-24
0000923978,2001-04-11
0000924117,2000-12-04
0000924140,2004-02-03
0000924174,2000-08-08
0000924374,2000-04-04
0000924380,2000-02-28
0000924632,2002-02-13
0000924921,2001-07-03
0000925178,2007-10-16
0000925464,2009-07-31
0000925548,2005-02-02
0000925660,2001-07-03
0000925739,2000-10-31
0000925779,2001-10-30
0000925928,2001-04-27
0000925942,2002-11-14
0000926038,2003-03-13
0000926285,2003-06-26
0000926617,2009-03-30
0000926866,2010-07-19
0000927314,2001-01-05
0000927417,2002-05-11
0000927456,2000-11-15
0000927643,2001-03-28
0000927760,2000-09-07
0000927790,2002-10-31
0000927809,2000-12-22
0000928064,2005-10-13
0000928156,2001-11-01
0000928375,2003-05-18
0000928800,2010-12-03
0000928908,2002-03-04
0000929061,2002-02-21
0000929144,2009-02-13
0000929473,1999-12-29
0000929752,2004-09-07
0000929941,2000-05-04
0000929994,2001-10-01
0000930529,2002-07-15
0000930735,2003-06-29
0000930795,2003-01-29
0000930817,2010-10-29
0000930835,2012-12-17
0000931085,2001-01-04
0000931336,2019-11-12
0000931457,2005-05-26
0000931702,2006-03-14
0000931799,2001-05-08
0000932088,2001-03-24
0000932110,2007-10-15
0000932127,2006-10-05
0000932140,2001-03-22
0000933136,2008-09-26
0000933157,2009-07-12
0000933401,2004-06-30
0000933524,2002-12-11
0000933583,2001-09-28
0000934306,2012-08-07
0000934330,2007-05-02
0000934509,2003-06-02
0000934851,2009-10-21
0000934852,2001-03-05
0000934873,2008-10-15
0000935063,2008-11-25
0000935066,2008-09-02
0000935493,2006-10-31
0000935724,2011-11-23
0000935730,2003-02-21
0000935802,2001-01-05
0000936163,2000-08-09
0000936446,2004-12-30
0000937603,2001-06-25
0000937971,2001-12-21
0000938320,2004-02-02
0000938578,2003-11-06
0000939930,2020-06-15
0000940034,2000-12-18
0000940510,2011-02-16
0000940716,2001-05-31
0000941020,2014-04-18
0000941552,2004-01-30
0000941814,2002-04-18
0000942138,2002-09-09
0000942143,2002-12-27
0000943206,2001-01-25
0000943320,2004-11-21
0000943322,2009-02-17
0000943323,2009-02-17
0000943605,2009-04-27
0000943690,2012-03-21
0000943861,2016-04-15
0000943894,2011-09-30
0000943941,2005-03-22
0000944136,2012-10-10
0000944163,2006-05-22
0000944310,2004-01-14
0000944400,2004-02-02
0000944402,2000-02-01
0000944522,2009-12-17
0000944649,2001-07-31
0000944725,2012-03-02
0000944739,2013-11-21
0000944853,2000-06-30
0000945212,2012-05-14
0000945276,2001-10-31
0000945379,2003-07-15
0000945436,2016-04-21
0000945764,2020-07-30
0000945771,2001-05-02
0000946090,2014-02-10
0000946154,2001-03-23
0000946283,2005-05-06
0000946323,2001-08-13
0000946392,2001-10-11
0000946661,2006-02-02
0000946816,2008-02-12
0000946842,2011-04-01
0000947156,2002-12-20
0000947268,2001-05-23
0000947397,2011-08-15
0000947425,2010-08-20
0000947429,2004-03-24
0000947431,2004-01-30
0000948073,2000-03-15
0000948087,2000-12-05
0000948590,2004-06-02
0000948844,2009-07-02
0000948945,2001-10-31
0000949039,2020-04-26
0000949228,2010-05-14
0000949240,2012-02-05
0000949485,2006-10-02
0000949493,2012-05-14
0000949876,2009-03-11
0001000179,2002-07-15
0001000234,2009-12-18
0001000285,2008-11-04
0001000368,2009-06-23
0001000577,2002-02-25
0001000578,2002-07-30
0001000695,2006-07-20
0001000779,2009-09-24
0001000876,2002-07-24
0001000897,2001-02-02
0001001109,2002-07-17
0001001111,2008-07-28
0001001131,2000-11-14
0001001136,2002-02-11
0001001430,2003-10-17
0001001463,2000-04-20
0001001903,2006-09-15
0001002022,2000-07-14
0001002125,2003-02-05
0001002130,2000-05-17
0001002131,2000-11-29
0001002178,2004-08-03
0001002360,2001-11-07
0001002579,2009-06-15
0001002607,2013-01-21
0001002628,2000-09-22
0001002813,2004-09-24
0001002816,2002-10-31
0001002902,2009-09-24
0001003111,2002-03-01
0001003114,2003-09-28
0001003282,2001-07-31
0001003429,2007-11-26
0001003479,2000-11-13
0001003515,2008-08-20
0001003932,2002-10-21
0001004232,2001-03-02
0001004740,2009-05-11
0001004967,2000-12-29
0001004969,2008-12-05
0001004980,2019-01-29
0001005015,2001-12-17
0001005214,2003-07-25
0001005414,2017-09-18
0001005653,2000-04-19
0001005690,2004-03-16
0001005858,2001-03-27
0001006269,2003-07-15
0001006368,2002-11-13
0001006384,2000-07-10
0001006598,2001-02-15
0001006708,2008-08-19
0001006837,2009-03-16
0001007184,2000-04-27
0001007508,2008-08-19
0001007581,2002-03-01
0001007588,2000-02-14
0001007594,2003-03-21
0001008597,2001-10-19
0001008882,2003-05-09
0001009403,2001-04-12
0001009479,2011-07-20
0001009618,2001-03-21
0001009652,2004-06-10
0001009672,2020-03-29
0001009833,2003-05-29
0001009891,2004-10-15
0001010026,2002-10-15
0001010086,2014-09-16
0001010141,2000-12-07
0001010286,2001-04-19
0001010610,2009-12-21
0001010775,2003-07-14
0001010915,2003-05-01
0001011108,2001-04-13
0001011255,2005-10-07
0001011308,2004-03-02
0001011509,2009-01-12
0001011630,2001-04-04
0001011738,2002-05-30
0001012141,2009-02-04
0001012176,2002-02-13
0001012316,2009-03-31
0001012477,2019-02-06
0001012481,2002-02-14
0001012697,2010-12-10
0001013148,2005-07-25
0001013218,2003-01-22
0001013238,2019-02-15
0001013240,2000-11-14
0001013243,2005-05-10
0001013316,2001-06-11
0001013453,2003-04-07
0001013606,2020-07-05
0001013608,2000-01-26
0001013610,2008-10-14
0001013690,2005-09-13
0001013740,2001-09-26
0001013787,2001-03-26
0001013871,2003-05-14
0001014022,2009-11-16
0001014052,2013-05-30
0001014599,2002-12-04
0001014653,2011-05-09
0001014763,2013-10-31
0001014851,2004-07-23
0001015535,2001-07-02
0001015611,2002-03-29
0001015629,2004-06-02
0001015868,2003-09-04
0001015979,2015-11-03
0001016177,2006-10-30
0001016577,2000-05-31
0001016607,2008-09-11
0001016694,2000-02-03
0001016741,2000-03-20
0001016831,2002-03-11
0001016900,2009-09-09
0001016933,2010-05-14
0001017156,2002-02-15
0001017616,2004-10-28
0001017648,2002-03-27
0001017875,2001-06-05
0001017916,2001-02-14
0001018005,2014-04-11
0001018099,2009-01-07
0001018645,2002-10-01
0001018675,2002-09-13
0001018693,2006-04-12
0001018710,2008-12-03
0001019285,2003-03-03
0001019376,2002-01-18
0001019825,2004-06-10
0001020389,2003-07-20
0001020448,2013-01-31
0001020475,2017-04-14
0001020477,2004-03-31
0001020616,2001-12-05
0001020620,2001-09-28
0001020676,2008-03-27
0001021010,2009-09-30
0001021096,2016-07-06
0001021282,2001-08-17
0001021294,2001-12-18
0001021352,2001-01-04
0001021549,2000-08-17
0001021649,2000-09-15
0001021706,2001-02-05
0001021848,2007-12-17
0001022080,2009-02-12
0001022191,2001-07-16
0001022329,2002-06-11
0001022494,2003-10-02
0001022581,2002-09-03
0001022646,2016-04-26
0001022832,2000-08-31
0001022899,2012-06-15
0001022901,2002-05-24
0001022959,2001-07-07
0001022974,2009-11-16
0001023052,2008-05-02
0001023139,2007-11-14
0001023291,2014-04-29
0001023294,2000-07-12
0001023339,2001-04-20
0001023362,2013-01-28
0001023519,2003-06-03
0001023734,2015-03-09
0001023745,2001-05-02
0001023994,2015-10-15
0001024109,2009-03-30
0001024126,2019-02-18
0001024401,2001-12-02
0001024441,1999-03-23
0001024452,2012-04-15
0001024628,2002-04-08
0001024678,2001-02-22
0001025566,2000-12-04
0001025707,2009-02-04
0001025950,2001-02-12
0001025953,2008-09-12
0001025966,2001-12-02
0001026304,2009-12-31
0001026348,2003-04-02
0001026486,2001-03-13
0001026506,2001-08-15
0001026816,2010-11-03
0001027377,2002-03-08
0001027574,2003-05-02
0001027878,2002-12-09
0001027909,2001-09-24
0001028079,2001-03-02
0001028153,2000-04-11
0001028361,2003-01-31
0001028965,2002-03-27
0001028985,2009-02-03
0001029140,2003-07-24
0001029182,2002-04-16
0001029253,2000-04-17
0001029321,2000-03-23
0001029336,2010-01-20
0001029532,2001-12-02
0001029738,2006-11-29
0001029850,2003-07-15
0001029893,2006-08-21
0001029932,2001-04-13
0001030058,2012-03-30
0001030108,2001-01-10
0001030339,2009-05-13
0001030452,2002-09-06
0001030749,2017-05-17
0001030776,2001-02-01
0001030906,2001-02-16
0001031107,2002-09-22
0001031176,2000-01-27
0001031296,2018-03-31
0001031425,2002-04-11
0001031754,2003-01-20
0001031827,2003-07-15
0001031911,2003-03-14
0001031999,2013-09-16
0001033671,2000-06-09
0001033926,2008-05-30
0001034072,2003-06-27
0001034257,2013-10-17
0001034258,2009-04-15
0001034415,2001-10-23
0001035118,2002-12-20
0001035270,2008-02-10
0001035271,2004-11-08
0001035374,2013-12-15
0001035423,2002-08-16
0001035426,2003-03-10
0001035815,2009-02-21
0001035826,2007-09-28
0001036075,2007-04-02
0001036260,2001-07-23
0001036283,2003-06-03
0001036297,2001-03-19
0001037016,2002-05-24
0001037067,2002-02-05
0001037070,2001-08-06
0001037131,2020-06-17
0001037676,2016-01-11
0001037682,2003-06-27
0001037737,2001-04-27
0001037927,2002-02-15
0001037962,2017-06-14
0001038217,2009-01-12
0001038274,2006-10-02
0001038284,2001-11-30
0001038370,2000-10-23
0001038800,2002-01-25
0001038914,2006-08-16
0001039184,2011-11-16
0001039208,2002-03-22
0001039387,2005-05-10
0001039500,2001-07-19
0001039646,2013-06-14
0001039690,2002-11-19
0001039780,2001-04-19
0001039947,2001-10-22
0001040415,2008-02-03
0001040597,2003-08-05
0001040599,2010-02-03
0001040719,2017-11-30
0001040792,2020-01-28
0001040993,2001-09-13
0001041077,2000-10-31
0001041095,2004-08-12
0001041380,2002-10-01
0001041454,2003-07-07
0001041548,2015-09-30
0001041623,2002-03-29
0001041645,2001-12-31
0001041858,2004-05-27
0001041895,2000-04-13
0001041954,2002-06-25
0001041970,2000-10-27
0001042051,2002-02-15
0001042078,2004-06-16
0001042418,2011-01-20
0001042420,2009-01-30
0001042582,2013-09-16
0001043055,2002-02-28
0001043105,2008-09-17
0001043119,2000-06-20
0001043156,2011-09-28
0001043310,2001-12-14
0001043382,2003-12-17
0001043438,2001-04-02
0001043497,2000-06-21
0001043505,2002-03-19
0001043533,2002-05-20
0001043769,2001-08-15
0001044269,2002-06-12
0001044324,2004-12-16
0001044434,2005-12-14
0001044440,2000-05-30
0001044583,2002-04-22
0001044612,2001-07-02
0001044649,2000-05-10
0001044760,2001-04-06
0001045014,2012-07-02
0001045151,2008-08-29
0001045309,2001-04-02
0001045425,2019-08-30
0001045550,2004-12-21
0001045598,2004-06-07
0001045703,2003-12-15
0001045739,2007-02-08
0001045828,2000-12-20
0001046356,2009-06-16
0001046558,2001-04-19
0001046578,2008-01-29
0001046607,2003-04-07
0001046777,2001-06-25
0001046880,2013-04-07
0001047021,2001-05-21
0001047040,2011-06-13
0001047153,2010-05-07
0001047175,2004-02-26
0001047326,2008-08-15
0001047368,2000-08-08
0001047499,2011-01-18
0001047733,2007-08-08
0001047739,2006-08-18
0001047860,2001-02-05
0001047919,2014-07-28
0001048142,2001-07-09
0001048268,2006-02-14
0001048273,2004-06-21
0001048339,2005-04-06
0001048566,2009-04-07
0001048740,2009-10-01
0001048796,2003-05-19
0001048845,2001-07-02
0001049129,2004-08-26
0001049442,2006-01-03
0001049618,2009-02-11
0001049620,2009-02-11
0001049889,2000-08-11
0001050112,2010-03-15
0001050119,2003-08-20
0001050504,2002-05-23
0001050835,2009-07-06
0001051009,2008-07-15
0001051059,2000-11-20
0001051209,2003-12-29
0001051249,2010-02-24
0001051251,2020-05-04
0001051254,2001-03-01
0001051379,2010-08-20
0001051381,2003-06-27
0001051904,2003-01-16
0001051985,2008-08-19
0001052163,2002-04-15
0001052245,2001-03-07
0001052246,2002-10-04
0001052743,2002-06-12
0001053178,2011-07-01
0001053303,1999-12-29
0001053316,2000-10-16
0001053691,2001-01-09
0001054000,2001-12-03
0001054303,2013-01-11
0001054422,2002-03-11
0001054524,2007-05-15
0001054588,2001-02-15
0001054709,2002-11-27
0001054748,2001-04-06
0001054992,2001-03-28
0001055131,2008-03-05
0001055454,2013-01-28
0001055458,2001-10-05
0001055468,2001-10-02
0001055564,2010-09-29
0001055684,2000-12-11
0001056087,2020-02-13
0001056286,2000-10-31
0001056312,2001-01-29
0001056386,2020-03-16
0001056748,2008-06-13
0001056756,2011-06-27
0001056758,2011-06-27
0001057187,2001-06-15
0001057232,2006-11-01
0001057334,2003-12-23
0001057489,2002-04-11
0001057725,2010-05-16
0001057827,2009-06-26
0001057831,2009-06-26
0001057834,2009-06-26
0001057836,2009-06-26
0001058033,2005-09-14
0001058623,2017-11-29
0001058627,2003-05-12
0001058628,2003-05-02
0001058629,2003-05-12
0001058631,2003-05-12
0001058703,2003-05-14
0001058767,2013-11-20
0001058956,2001-12-31
0001058986,2002-05-21
0001059130,2002-12-19
0001059363,2000-07-07
0001059364,2005-04-11
0001059397,2010-07-27
0001059421,2006-05-02
0001059567,2005-04-11
0001059570,2005-04-11
0001059572,2005-04-11
0001059573,2005-04-11
0001059576,2005-04-11
0001059623,2004-04-05
0001059677,2009-05-01
0001059706,2001-05-07
0001059838,2001-03-29
0001059888,2001-03-21
0001059976,2003-07-24
0001060024,2003-12-08
0001060228,2003-03-19
0001060242,2000-01-05
0001060326,2004-05-25
0001060356,2001-09-18
0001060390,2007-06-11
0001060531,2002-01-24
0001060791,2008-03-04
0001060948,2000-05-17
0001060951,2000-05-17
0001060990,2015-03-17
0001061029,2007-09-21
0001061103,2002-04-16
0001061164,2002-06-04
0001061322,2002-01-28
0001061399,2001-08-14
0001061499,2000-03-23
0001061580,2009-11-24
0001061583,2001-02-15
0001061701,2000-11-17
0001061800,2001-06-29
0001061822,2005-05-05
0001061857,2001-09-20
0001061985,2007-07-12
0001062184,2001-05-24
0001062312,2011-12-14
0001062441,2010-02-10
0001062485,2001-05-07
0001062515,2001-12-17
0001062565,2010-04-20
0001062613,2009-10-26
0001062781,2016-11-30
0001062829,2009-06-26
0001062834,2004-12-21
0001063199,2001-05-22
0001063262,2009-08-10
0001063326,2000-05-16
0001063537,2009-11-10
0001063574,2002-05-31
0001063842,2006-07-06
0001063921,2001-05-01
0001063997,2012-04-17
0001064049,2001-05-22
0001064063,2004-12-20
0001064133,2001-08-20
0001064526,2001-05-07
0001064527,2001-05-07
0001064535,2009-03-27
0001064728,2016-04-13
0001065001,2000-09-11
0001065049,2003-04-13
0001065059,2014-03-05
0001065152,2002-03-15
0001065253,2001-07-17
0001065310,2009-06-28
0001065458,2002-02-28
0001065493,2001-03-30
0001065633,2002-02-04
0001065663,2002-04-01
0001065869,2001-08-01
0001065910,2002-08-05
0001065983,2002-04-25
0001066048,2000-09-27
0001066134,2015-05-04
0001066138,2001-12-20
0001066281,2008-06-12
0001066759,2002-09-30
0001066797,2007-01-18
0001066923,2004-09-30
0001066928,2003-05-19
0001066930,2002-06-19
0001067056,2003-02-14
0001067064,2000-11-08
0001067125,2003-05-12
0001067310,2002-05-31
0001067331,2002-01-24
0001067356,2002-11-14
0001067447,2001-08-20
0001067457,2005-11-06
0001067541,2008-04-29
0001067636,2003-10-31
0001068049,2002-12-16
0001068052,2001-07-19
0001068078,2003-01-31
0001068104,1995-01-17
0001068292,2002-12-13
0001068660,2009-04-06
0001068848,2011-12-12
0001068874,2016-10-10
0001068912,2012-10-29
0001069003,2006-02-14
0001069201,2003-06-16
0001069353,2013-02-28
0001069602,2001-11-13
0001070313,2004-06-14
0001070510,2010-04-22
0001070602,2002-10-11
0001070630,2008-03-07
0001070669,2004-06-02
0001070699,2004-08-04
0001071411,2019-06-03
0001071598,2007-04-30
0001071645,2001-04-24
0001072048,2002-11-15
0001072229,2003-08-29
0001072258,2003-10-13
0001072342,2005-10-08
0001072548,2004-03-18
0001072765,2003-05-09
0001072914,2002-05-09
0001073091,2001-04-24
0001073429,2010-04-29
0001073715,2001-03-21
0001073794,2001-12-17
0001073857,2010-03-17
0001074436,2008-12-04
0001074457,2001-12-28
0001074530,2005-10-16
0001074663,2005-09-08
0001074874,2008-03-14
0001074908,2001-11-20
0001074927,2002-08-12
0001075043,2007-11-14
0001075066,2008-10-20
0001076235,2002-06-14
0001076462,2011-03-28
0001076643,2001-09-05
0001076647,2005-08-19
0001076700,2013-04-25
0001076732,2002-01-07
0001076930,2009-11-20
0001077030,2002-06-07
0001077050,2005-05-11
0001077552,2002-10-11
0001077597,2000-12-20
0001078006,2001-11-20
0001078203,2009-09-14
0001078392,2002-12-10
0001078404,2001-10-11
0001078420,2002-12-10
0001078547,2009-10-08
0001078577,2002-04-17
0001078593,2000-12-01
0001078706,2001-02-07
0001079250,2005-05-24
0001079791,2000-04-07
0001079797,2008-07-28
0001080029,2019-08-28
0001080290,2002-12-13
0001080504,2013-09-16
0001080558,2001-01-16
0001081004,2004-04-29
0001081015,2002-11-14
0001081074,2015-08-28
0001081154,2001-12-14
0001081192,2001-01-25
0001081207,2001-05-22
0001081290,2003-11-03
0001081404,2001-10-05
0001081665,2002-06-04
0001081748,2005-02-16
0001081878,2004-05-10
0001081938,2000-12-21
0001082084,2008-10-28
0001082129,2001-10-26
0001082193,2001-05-15
0001082292,2003-01-31
0001082484,2009-04-05
0001082567,1999-09-08
0001082699,2009-03-27
0001082797,2002-12-09
0001082859,1999-09-08
0001082993,2002-11-08
0001083036,2010-09-28
0001083132,2008-06-11
0001083198,2002-05-08
0001083200,2009-02-03
0001083661,2010-02-02
0001083753,2005-09-26
0001083914,2005-08-08
0001084103,2007-05-21
0001084463,2001-11-21
0001084465,2001-06-29
0001084486,2003-12-31
0001084573,2003-06-19
0001084722,2002-08-22
0001084727,2010-07-22
0001084873,2001-09-24
0001085129,2009-02-20
0001085254,2005-03-09
0001085319,2009-02-10
0001085320,2009-02-10
0001085321,2009-02-10
0001085475,2009-03-27
0001085476,2009-03-27
0001085734,2010-09-23
0001085776,2004-04-30
0001086303,2016-02-23
0001086385,2009-11-04
0001086411,2012-01-13
0001086620,2001-07-05
0001086637,2001-01-22
0001086722,2002-09-30
0001087008,2002-11-15
0001087243,2003-08-15
0001087322,2001-12-07
0001087328,2007-11-14
0001087831,2002-09-12
0001087879,2002-11-01
0001088022,2006-07-31
0001088116,2002-11-21
0001088162,2017-03-30
0001088214,2008-04-25
0001088316,2001-07-30
0001088341,2003-03-28
0001088382,2003-12-02
0001088464,2001-02-12
0001088787,2017-12-07
0001088811,2006-01-25
0001088815,2002-08-16
0001088914,2001-11-16
0001089393,2005-10-13
0001089450,2003-03-28
0001089451,2003-03-28
0001089708,2001-08-08
0001089775,2008-12-15
0001089851,2002-02-28
0001089853,2002-11-13
0001089854,2002-02-28
0001089953,2003-10-31
0001090052,2005-10-11
0001090870,2005-11-01
0001091492,2001-01-31
0001091535,2002-03-27
0001091596,2001-08-07
0001091601,2006-02-10
0001091667,2009-03-27
0001091862,2009-03-18
0001091953,2004-10-05
0001092050,2008-11-10
0001092233,2003-04-04
0001092302,2011-01-24
0001092319,2002-10-03
0001092536,2003-06-13
0001092605,2007-02-14
0001092657,2001-07-13
0001092839,2015-03-08
0001092917,2003-07-23
0001093207,2017-08-13
0001093273,2009-03-05
0001093546,2007-05-08
0001093942,2013-09-16
0001094572,2011-01-21
0001094944,2001-09-07
0001094983,2002-10-23
0001095016,2001-10-09
0001095102,2002-11-18
0001095274,2010-12-31
0001095701,2003-06-02
0001095751,2009-12-16
0001095792,2003-09-05
0001095821,2002-09-11
0001095827,2001-09-10
0001096050,2007-08-24
0001096052,2002-05-10
0001096132,2018-07-27
0001096339,2009-03-31
0001096352,2004-10-30
0001096353,2004-10-30
0001096354,2004-10-30
0001096481,2011-01-30
0001096509,2007-02-07
0001096536,2009-09-28
0001096560,2011-09-16
0001096594,2002-06-03
0001096789,2005-07-15
0001097002,2003-03-20
0001097081,2009-03-25
0001097181,2008-12-05
0001097335,2002-04-01
0001097516,2003-02-25
0001097523,2001-11-13
0001097570,2005-12-15
0001097575,2012-08-02
0001097805,2007-08-31
0001097867,2002-05-24
0001098016,2011-12-27
0001098044,2006-08-23
0001098278,2008-12-02
0001098311,2001-04-02
0001098315,2011-03-23
0001098430,2001-11-14
0001098432,2003-02-09
0001098481,2002-02-12
0001098560,2000-06-01
0001098570,2001-10-11
0001098692,2002-02-20
0001098844,2002-10-08
0001098923,2000-10-27
0001098949,2000-08-20
0001099231,2001-04-02
0001099363,2001-11-16
0001099531,1988-06-20
0001099730,2005-10-06
0001100091,2009-12-07
0001100202,2014-09-06
0001100395,2005-06-24
0001100592,2015-03-05
0001100674,2010-12-28
0001100871,2005-01-07
0001100954,2009-06-02
0001100981,2008-11-18
0001101092,2004-03-01
0001101137,2010-04-07
0001101152,2004-05-14
0001101169,2002-10-01
0001101661,2009-06-19
0001101851,2002-08-15
0001102119,2009-02-03
0001102217,2006-12-18
0001102283,2001-05-08
0001102329,2009-08-24
0001102423,2002-12-01
0001102440,2001-09-07
0001102542,2007-09-14
0001102546,2000-08-21
0001102752,2002-04-12
0001103062,2001-10-17
0001103078,2011-04-29
0001103137,2008-03-17
0001103280,2005-09-14
0001103345,2011-10-30
0001103764,2008-10-10
0001103776,2004-05-12
0001103993,2011-03-10
0001104041,2002-02-06
0001104161,2008-02-14
0001104219,2003-08-08
0001104252,2003-08-20
0001104332,2007-07-18
0001104358,2012-08-22
0001104771,2001-12-10
0001105055,2011-11-07
0001105533,2018-11-30
0001106759,2003-03-12
0001106836,2005-01-20
0001106928,2002-12-06
0001107080,2004-10-04
0001107332,2014-11-10
0001107343,2006-09-11
0001107601,2008-09-15
0001107802,2007-03-02
0001107947,2002-06-26
0001107978,2005-10-14
0001108088,2009-07-01
0001108107,2002-03-22
0001108703,2005-04-05
0001108730,2011-09-24
0001108943,2008-07-28
0001108951,2006-01-09
0001108955,2009-05-05
0001109153,2016-01-15
0001109189,2016-10-25
0001109196,2019-03-21
0001109279,2008-10-15
0001109329,2012-03-12
0001109531,2008-04-01
0001109664,2002-02-14
0001110128,2003-01-28
0001110418,2006-04-17
0001110441,2008-04-09
0001110794,2002-11-27
0001111335,2009-05-28
0001111634,2002-06-17
0001111697,2007-06-14
0001111789,2001-11-15
0001111845,2010-06-10
0001111938,2002-05-16
0001112263,2004-06-11
0001112319,2001-07-18
0001112412,2014-10-10
0001112424,2007-05-14
0001112437,2000-12-08
0001112519,2000-10-16
0001112999,2008-10-30
0001113053,2001-06-04
0001113054,2001-06-04
0001113129,2001-08-14
0001113247,2009-02-18
0001113527,2003-04-14
0001113674,2003-02-03
0001113806,2009-06-12
0001113836,2002-11-17
0001113920,2003-08-15
0001114241,2007-07-02
0001114365,2006-11-17
0001114605,2012-02-27
0001114654,2003-04-17
0001114655,2008-11-07
0001114676,2003-05-14
0001114908,2008-04-25
0001114937,2002-05-08
0001114959,2006-10-12
0001115084,2003-08-08
0001115295,2005-01-07
0001115616,2003-08-14
0001115841,2001-01-01
0001115896,2002-11-14
0001116086,2002-06-25
0001116112,2014-12-23
0001116181,2005-01-04
0001116201,2002-10-08
0001116262,2013-08-02
0001116521,2017-01-19
0001116563,2002-05-30
0001116694,2010-07-23
0001117042,2002-04-08
0001117258,2008-05-30
0001117458,2009-07-21
0001117922,2006-01-03
0001119040,2002-11-07
0001119190,2007-09-06
0001119307,2002-06-11
0001119664,2009-01-14
0001120817,2013-07-15
0001120830,2013-02-08
0001121026,2005-08-03
0001121131,2004-08-27
0001121309,2004-01-19
0001121745,2016-07-27
0001121783,2014-01-07
0001121785,2009-03-03
0001121806,2007-04-03
0001121811,2006-05-09
0001121884,2004-01-15
0001121886,2001-03-29
0001122101,2011-03-18
0001122106,2001-10-31
0001122211,2003-08-20
0001122787,2002-06-03
0001122887,2010-09-09
0001122965,2002-02-15
0001123028,2006-02-07
0001123195,2011-02-01
0001123448,2010-06-18
0001123541,2013-01-11
0001123606,2008-03-15
0001123647,2012-08-17
0001123648,2008-09-23
0001123652,2008-03-05
0001123671,2003-01-14
0001123845,2008-12-19
0001123864,2007-01-31
0001124024,2015-11-10
0001124289,2010-01-11
0001124394,2008-10-22
0001124566,2008-03-05
0001124608,2015-08-09
0001125052,2007-08-20
0001125532,2010-04-23
0001125892,2002-05-31
0001126294,2017-06-14
0001126752,2008-01-08
0001127269,2011-11-17
0001127342,2013-04-01
0001127358,2013-09-16
0001127360,2013-09-16
0001127362,2013-09-16
0001127783,2003-08-20
0001128709,2002-09-13
0001128723,2005-06-14
0001129650,2005-01-07
0001129695,2010-02-11
0001129696,1997-09-09
0001129981,2004-02-23
0001130013,2003-03-31
0001130128,2005-03-25
0001131072,2009-11-08
0001131227,2020-05-19
0001131517,2010-01-15
0001131806,2004-10-06
0001132143,2016-05-08
0001132590,2007-09-20
0001132645,2009-03-20
0001132784,2008-03-14
0001133324,2007-11-08
0001133494,2009-02-11
0001133598,2007-01-25
0001133754,2009-03-05
0001134015,2007-04-03
0001134016,2012-12-17
0001135185,2004-01-30
0001135338,2005-04-14
0001135361,2016-12-19
0001135906,2016-07-25
0001136294,2006-09-28
0001137157,2004-04-06
0001137204,2015-01-20
0001137239,2011-12-07
0001137435,2006-04-13
0001137469,2009-03-30
0001137778,2008-08-04
0001138173,2008-06-16
0001138258,2003-07-14
0001138659,2009-02-13
0001138862,2009-01-09
0001139029,2010-01-15
0001139184,2002-02-01
0001139198,2003-05-14
0001140298,2008-05-15
0001140472,2009-07-14
0001140586,2010-03-05
0001140761,2003-07-14
0001141197,2007-01-19
0001141395,2009-02-17
0001142488,2003-04-02
0001143566,2010-05-28
0001143799,2007-06-29
0001144834,2011-10-30
0001144835,2003-06-19
0001144906,2016-11-01
0001145061,2009-11-25
0001145202,2009-02-06
0001145238,2007-05-29
0001145330,2009-02-11
0001145331,2009-02-11
0001145332,2009-02-11
0001145333,2006-01-03
0001145334,2009-02-11
0001156216,2013-09-16
0001156218,2013-09-16
0001156220,2013-09-16
0001156221,2013-09-16
0001156295,2006-03-22
0001157443,2010-08-16
0001157516,2016-07-27
0001157564,2007-11-20
0001157817,2020-10-08
0001158019,2002-07-16
0001158134,2006-06-19
0001159154,2016-02-25
0001159544,2003-02-07
0001160084,2011-06-16
0001160165,2011-08-19
0001160294,2009-03-22
0001160437,2006-12-27
0001160846,2016-06-21
0001161625,2003-12-02
0001161785,2016-03-28
0001161924,2010-04-30
0001162298,2008-05-12
0001162721,2007-04-07
0001163332,2014-03-13
0001163913,2008-08-05
0001163958,2010-07-02
0001164086,2010-12-10
0001164123,2003-08-12
0001165532,2004-01-15
0001165921,2011-07-27
0001166126,2020-05-15
0001166239,2002-11-14
0001166291,2012-04-01
0001166365,2017-10-01
0001166380,2007-01-12
0001166414,2007-08-01
0001167178,2012-10-16
0001167370,2008-11-25
0001167880,2009-01-23
0001168213,2016-05-04
0001168454,2003-09-14
0001169055,2020-07-31
0001169277,2009-12-21
0001169709,2006-02-20
0001170016,2008-06-04
0001170161,2004-10-13
0001170218,2001-10-01
0001170605,2010-06-24
0001171012,2017-08-30
0001171014,2016-09-28
0001171017,2009-09-01
0001171032,2012-10-03
0001171675,2000-12-07
0001171749,2009-06-19
0001171825,2009-11-01
0001172222,2003-03-21
0001172371,2001-10-11
0001172678,2009-11-06
0001172939,2008-03-10
0001173313,2013-05-15
0001173738,2012-02-10
0001174527,2009-12-20
0001175028,2016-07-27
0001175108,2013-04-08
0001176193,2009-07-24
0001176325,2013-05-03
0001176435,2007-01-24
0001176967,2003-08-06
0001177292,2009-08-07
0001178104,2017-12-11
0001178336,2013-07-02
0001178537,2008-12-30
0001178539,2008-12-30
0001178541,2011-01-11
0001178543,2011-01-11
0001178717,2008-07-15
0001178818,2008-11-10
0001180186,2011-12-19
0001180743,2010-06-02
0001181232,2008-02-06
0001181920,2003-05-29
0001183920,2002-08-01
0001191119,2002-05-24
0001194424,2001-04-02
0001198313,1995-06-29
0001200268,2008-10-30
0001200715,2002-05-24
0001200718,2002-05-24
0001200745,2002-05-24
0001200748,2002-05-24
0001200752,2002-05-24
0001201251,2010-07-09
0001201259,2008-12-19
0001202963,2009-05-13
0001203957,2012-10-26
0001205181,2012-09-13
0001206264,2019-01-19
0001207070,2008-11-07
0001207856,2001-05-18
0001208261,2019-02-17
0001208833,2009-02-19
0001210036,2008-12-01
0001210936,2006-04-19
0001211351,2020-07-13
0001211805,2010-07-12
0001215942,2010-09-09
0001216462,2003-10-06
0001216596,2009-10-21
0001216964,2007-03-08
0001219097,2010-09-16
0001219702,2005-11-10
0001223667,2005-10-08
0001224923,2013-09-16
0001226932,2004-11-21
0001227728,2001-10-12
0001230355,2014-11-12
0001230489,2008-12-01
0001232229,2008-07-08
0001232400,2010-03-11
0001236038,2008-04-17
0001236309,2008-09-05
0001236736,2000-06-22
0001237941,2009-05-11
0001238289,2016-07-27
0001238631,2006-03-27
0001239819,2009-07-17
0001240722,2009-12-02
0001244041,2009-06-26
0001244087,2009-06-26
0001252956,2008-08-04
0001253710,2012-03-07
0001255107,2014-05-13
0001255474,2020-04-01
0001256536,2007-08-06
0001256582,2009-05-11
0001257296,2006-03-06
0001259550,2015-06-23
0001261482,2008-06-04
0001262751,2013-07-29
0001265107,2019-06-30
0001265238,2008-12-03
0001265239,2007-07-31
0001265241,2007-07-31
0001265242,2007-07-31
0001265243,2007-07-31
0001265244,2008-12-03
0001265245,2007-07-31
0001265251,2007-07-31
0001265253,2007-07-31
0001265254,2007-07-31
0001265255,2007-07-31
0001265256,2007-06-30
0001265259,2008-12-03
0001265260,2008-12-03
0001265262,2007-07-31
0001265263,2008-12-03
0001265264,2007-07-31
0001265265,2007-07-31
0001265266,2007-07-31
0001265267,2007-07-31
0001265268,2007-07-31
0001265269,2007-07-31
0001265271,2007-07-31
0001265273,2007-07-31
0001265274,2007-07-31
0001265275,2007-07-31
0001265276,2008-12-03
0001265283,2008-12-03
0001265284,2007-07-31
0001265319,2007-07-31
0001265572,2019-04-30
0001266604,2009-03-27
0001266605,2009-03-27
0001268984,2012-04-12
0001269022,2009-06-28
0001270597,2009-01-09
0001271833,2009-03-27
0001271834,2009-03-27
0001274055,2011-04-29
0001274563,2012-11-15
0001275211,2009-11-16
0001275229,2020-11-18
0001275712,2014-05-04
0001276477,2010-01-19
0001276676,2001-12-17
0001277475,1996-08-09
0001278868,1998-01-30
0001279831,2009-09-02
0001281629,2009-05-01
0001281774,2020-09-14
0001281922,2016-06-29
0001282266,2019-02-25
0001282543,2015-10-14
0001282613,2015-05-08
0001282648,2016-07-27
0001283552,2011-05-24
0001283664,2009-01-09
0001283683,2007-08-09
0001283794,2010-02-25
0001283810,2016-07-27
0001283825,2009-10-26
0001283826,2009-10-26
0001283829,2009-10-26
0001283834,2006-09-19
0001283843,2016-03-22
0001284453,2010-11-08
0001285043,2009-04-07
0001285206,2007-12-07
0001286382,2006-09-19
0001287151,2010-03-10
0001287152,2010-03-30
0001287159,2010-03-10
0001287164,2010-03-30
0001287286,2007-04-02
0001287900,2009-10-28
0001288359,2013-03-24
0001288361,2013-03-24
0001288407,2008-08-24
0001288946,2009-10-29
0001289255,2010-11-17
0001289370,2010-01-28
0001289480,2011-10-04
0001289701,2013-06-27
0001289871,2008-11-06
0001291983,2009-08-28
0001292215,2008-12-01
0001292731,2008-01-22
0001293310,2015-12-29
0001293377,2010-12-10
0001293379,2010-12-10
0001293385,2010-12-10
0001294148,2007-01-09
0001294208,2016-07-27
0001294250,2018-01-29
0001294371,2005-12-21
0001294476,2016-07-27
0001294875,2000-06-26
0001296391,2014-12-29
0001296595,2010-01-29
0001296937,2009-11-05
0001297720,2014-04-07
0001298663,2010-06-23
0001299716,2009-04-29
0001299966,2008-03-06
0001300744,2009-08-14
0001301063,2015-08-03
0001301206,2013-09-16
0001301501,2019-04-15
0001301712,2017-09-08
0001302502,2009-12-17
0001302977,2008-02-14
0001303565,2008-04-29
0001303849,2013-07-25
0001304588,2009-01-30
0001305464,2005-10-17
0001305468,2005-10-17
0001305748,2010-07-09
0001307697,2008-10-21
0001309126,2011-12-16
0001309237,2008-12-30
0001309499,2008-09-16
0001310067,2018-10-15
0001310094,2008-11-10
0001310488,2011-12-29
0001310527,2010-05-20
0001311230,2017-08-02
0001311396,2009-06-09
0001311486,2014-03-25
0001311803,2008-01-18
0001311953,2008-01-30
0001313024,2016-03-18
0001314077,2009-02-03
0001314361,2007-03-20
0001314642,2006-08-14
0001315054,2008-10-17
0001316410,2012-08-16
0001316826,2007-12-18
0001318035,2009-10-21
0001319009,2015-06-22
0001319842,2010-03-01
0001319845,2010-03-01
0001319855,2010-03-01
0001320459,2009-08-03
0001320460,2009-08-03
0001320461,2009-08-03
0001320462,2009-08-03
0001320463,2009-08-03
0001320465,2009-08-03
0001320467,2009-08-03
0001320468,2009-08-03
0001320475,2009-08-03
0001320476,2009-08-03
0001320477,2009-08-03
0001321099,2011-03-30
0001321544,2009-04-28
0001321746,2005-10-17
0001322069,2001-02-15
0001322070,2001-02-15
0001322071,2001-02-15
0001322088,2001-02-15
0001322094,2001-02-15
0001322096,2001-02-15
0001322097,2001-02-15
0001322100,2001-02-15
0001322101,2001-02-15
0001322104,2001-02-15
0001322105,2001-02-15
0001322106,2001-02-15
0001322107,2001-02-15
0001322108,2001-02-15
0001322110,2001-02-15
0001322112,2001-02-15
0001322113,2001-02-15
0001322115,2001-02-15
0001322116,2001-02-15
0001322117,2001-02-15
0001322118,2001-02-15
0001322120,2001-02-15
0001322122,2001-02-15
0001322123,2001-02-15
0001322127,2001-02-15
0001322129,2001-02-15
0001322131,2001-02-15
0001322132,2001-02-15
0001322133,2001-02-15
0001322134,2001-02-15
0001322138,2001-02-15
0001322139,2001-02-15
0001322141,2001-02-15
0001322142,2001-02-15
0001322144,2001-02-15
0001322145,2001-02-15
0001322146,2001-02-15
0001322147,2001-02-15
0001322148,2001-02-15
0001322149,2001-02-15
0001322150,2001-02-15
0001322151,2001-02-15
0001322153,2001-02-15
0001322154,2001-02-15
0001322155,2001-02-15
0001322156,2001-02-15
0001322157,2001-02-15
0001322158,2001-02-15
0001322159,2001-02-15
0001322161,2001-02-15
0001322162,2001-02-15
0001322167,2001-02-15
0001322168,2001-02-15
0001322173,2001-02-15
0001322175,2001-02-15
0001322178,2001-02-15
0001322179,2001-02-15
0001322180,2001-02-15
0001322182,2001-02-15
0001322184,2001-02-15
0001322186,2001-02-15
0001322187,2001-02-15
0001322188,2001-02-15
0001322189,2001-02-15
0001322190,2001-02-15
0001322192,2001-02-15
0001322196,2001-02-15
0001322200,2001-02-15
0001322203,2001-02-15
0001322207,2001-02-15
0001322226,2001-02-15
0001322230,2001-02-15
0001322234,2001-02-15
0001322236,2001-02-15
0001322238,2001-02-15
0001322240,2001-02-15
0001322244,2001-02-15
0001322246,2001-02-15
0001322248,2001-02-15
0001322249,2001-02-15
0001322250,2001-02-15
0001322251,2001-02-15
0001322253,2001-02-15
0001322255,2000-02-16
0001322439,2014-08-06
0001322705,2009-03-01
0001323056,2011-05-02
0001323163,2011-04-08
0001323543,2003-06-09
0001323770,2009-03-09
0001324477,2003-01-31
0001324479,2003-01-31
0001324759,2014-02-10
0001326200,2014-04-21
0001326428,2016-05-11
0001326531,2008-02-14
0001326686,2011-08-01
0001326688,2011-08-01
0001327012,2008-12-08
0001328910,2009-01-12
0001329068,2011-09-07
0001329184,2010-08-16
0001329605,2010-11-24
0001330340,2009-02-17
0001330487,2010-05-11
0001330849,2015-08-13
0001331427,2013-07-15
0001332341,2008-10-31
0001332412,2013-10-09
0001333291,2009-09-14
0001334127,2011-03-28
0001334872,2009-06-23
0001334914,2009-06-30
0001335103,2017-12-01
0001335104,2012-12-07
0001335190,2015-12-15
0001335236,2016-07-27
0001335288,2010-11-01
0001336339,2016-07-27
0001336390,2011-08-19
0001336545,2015-10-05
0001337885,2014-12-07
0001337913,2011-12-22
0001338095,2016-04-30
0001338949,2011-04-29
0001340744,2009-11-11
0001340752,2010-12-09
0001341293,2012-07-23
0001341497,2009-01-15
0001341843,2013-04-01
0001341853,2008-09-15
0001342514,2016-07-27
0001342643,2018-05-01
0001342803,2014-02-21
0001343202,2008-10-31
0001343360,2010-05-16
0001343611,2008-03-27
0001343719,2016-04-14
0001343881,2012-11-21
0001343957,2008-07-31
0001345059,2009-12-30
0001345968,2009-06-17
0001346222,2011-02-01
0001346526,2016-03-10
0001346685,2009-03-03
0001346980,2016-05-09
0001347613,2018-12-12
0001349120,2008-12-01
0001349436,2016-05-16
0001349976,2015-08-03
0001351197,2008-12-01
0001351413,2017-09-12
0001351548,2008-04-10
0001351667,2009-03-20
0001352045,2009-07-16
0001355128,2013-12-02
0001355804,2010-02-03
0001356505,2009-08-17
0001357062,2008-04-23
0001357361,2016-07-27
0001357371,2016-05-15
0001357838,2009-05-12
0001358057,2012-12-11
0001358651,2020-05-07
0001359555,2009-05-15
0001360214,2011-06-26
0001360849,2008-09-17
0001361937,2018-04-02
0001362614,2009-09-15
0001362659,2009-08-09
0001363033,2007-03-05
0001363346,2009-07-13
0001364100,2015-03-05
0001364796,2007-10-04
0001366909,2008-05-02
0001366913,2008-05-02
0001367311,2016-12-20
0001367387,2011-12-15
0001367396,2009-03-31
0001367858,2009-10-19
0001368147,2008-06-23
0001368154,2008-06-10
0001368218,2013-07-03
0001368900,2013-09-27
0001369233,2012-12-14
0001370512,2010-02-19
0001372175,2009-04-07
0001372326,2008-04-24
0001374835,2009-10-14
0001374985,2016-07-27
0001375083,2009-03-27
0001375098,2004-06-23
0001375424,2013-06-14
0001375618,2020-04-06
0001376502,2012-03-07
0001376610,2015-03-10
0001376812,2012-07-09
0001376912,2018-10-30
0001377053,2015-03-02
0001377720,2012-02-23
0001378670,2009-07-13
0001379763,2016-07-27
0001379895,2011-11-07
0001379926,2008-12-04
0001381081,1999-12-17
0001382056,2011-08-05
0001382399,2010-05-04
0001382805,2012-01-30
0001382911,2018-03-12
0001383154,2017-09-29
0001383960,2015-02-27
0001384072,2017-02-01
0001385228,2016-05-01
0001385542,2007-08-06
0001385544,2016-02-02
0001386026,2019-10-24
0001386927,2009-06-10
0001387156,2019-07-24
0001387371,2009-03-04
0001389053,2007-11-23
0001390630,2007-12-17
0001392091,2008-07-22
0001392477,2013-08-22
0001393066,2009-04-16
0001393614,2010-10-03
0001393631,2015-01-22
0001394954,2014-10-06
0001395000,2009-07-27
0001395864,2016-01-26
0001396426,2012-05-03
0001396838,2014-03-23
0001397087,2009-07-08
0001397346,2011-02-15
0001397396,2009-03-31
0001397403,2020-07-23
0001397516,2018-05-18
0001397867,2012-02-05
0001398201,2007-08-06
0001398702,2017-03-16
0001399311,2007-12-17
0001399541,2016-07-27
0001399542,2016-07-27
0001399935,2020-12-03
0001400000,2015-11-05
0001400122,2007-08-06
0001400428,2007-07-13
0001400891,2018-03-14
0001401106,2011-10-31
0001401300,2008-05-05
0001402281,2018-04-25
0001402364,2010-09-20
0001403053,2011-10-31
0001403085,2018-06-29
0001403433,2017-04-18
0001403548,2013-05-10
0001403802,2019-03-22
0001403853,2017-05-01
0001404831,2008-05-05
0001404834,2008-05-05
0001404839,2008-05-05
0001404940,2008-05-05
0001405041,2014-04-13
0001405073,2019-11-18
0001405419,2010-11-04
0001405424,2014-09-24
0001406081,2009-08-27
0001406223,2007-08-06
0001406508,2009-10-25
0001406868,2011-08-02
0001407190,2016-12-14
0001407698,2012-07-03
0001407703,2018-03-31
0001407805,2018-10-30
0001410056,2016-03-01
0001410177,2007-12-17
0001410402,2010-04-21
0001410637,2010-12-10
0001411272,2009-10-25
0001411286,2010-01-15
0001411374,2009-10-25
0001411851,2009-10-25
0001412030,2009-10-25
0001412193,2009-10-25
0001412347,2018-10-09
0001413142,2009-03-27
0001414367,2013-07-15
0001416712,2011-08-24
0001418862,2014-11-09
0001419428,2015-12-03
0001420176,2008-12-22
0001421105,2008-09-15
0001421182,2016-01-26
0001421601,2017-03-01
0001421732,2008-09-15
0001422109,2016-03-21
0001423239,2013-08-15
0001424328,2016-10-04
0001425319,2009-10-30
0001426082,2008-09-15
0001428059,2011-09-23
0001429331,2009-09-15
0001429386,2017-12-11
0001429896,2018-07-15
0001430441,2011-09-07
0001430996,2008-09-15
0001431372,2018-10-31
0001431559,2006-12-29
0001431654,2008-09-15
0001431888,2015-05-01
0001432244,2011-08-08
0001432985,2016-07-27
0001432987,2016-07-27
0001433833,2016-07-27
0001434589,2017-05-15
0001434621,2019-07-21
0001434842,2017-01-17
0001434893,2012-07-30
0001435181,2020-08-07
0001436161,2020-04-20
0001436164,2014-05-06
0001436222,2008-09-15
0001436329,2008-09-15
0001437073,2008-09-15
0001437106,2019-06-30
0001437557,2020-06-28
0001439600,2010-11-17
0001441849,2019-05-10
0001443002,2008-09-15
0001443115,2011-09-06
0001443593,2009-07-13
0001443799,2011-11-17
0001443818,2012-08-13
0001445049,2014-04-29
0001445146,2014-04-29
0001448064,2011-12-12
0001449491,2012-02-03
0001449709,2012-01-03
0001450074,2011-03-04
0001450390,2018-12-07
0001451951,2013-09-17
0001452206,2010-12-06
0001452384,2011-02-11
0001452476,2015-08-23
0001454238,2010-01-13
0001455926,2020-08-28
0001456212,2020-03-13
0001456455,2017-01-31
0001457737,2018-03-14
0001458891,2020-07-31
0001459482,2020-06-18
0001461993,2019-12-27
0001462360,1997-06-20
0001465872,2015-12-03
0001471261,2017-12-14
0001473061,2016-04-01
0001475273,2017-06-13
0001475899,2015-08-28
0001476170,2017-04-12
0001476719,2014-07-11
0001477961,2012-11-09
0001478909,2012-02-17
0001479920,2012-02-06
0001486159,2020-09-30
0001487561,2016-07-27
0001487920,2015-03-17
0001489137,2015-06-25
0001489161,2015-05-25
0001490165,2016-11-08
0001490636,2017-03-13
0001490930,2012-09-11
0001493587,2012-12-27
0001494448,2018-12-13
0001496268,2020-01-14
0001496631,2017-05-11
0001496818,2020-01-27
0001497814,2013-02-14
0001498301,2020-07-23
0001501732,2012-12-05
0001502034,2020-06-23
0001503813,2013-02-17
0001505497,2020-03-20
0001506932,2013-09-25
0001508677,2015-06-14
0001509589,2017-01-04
0001512077,2020-07-22
0001512369,2015-06-14
0001514242,2016-10-31
0001514443,2014-08-11
0001514732,2020-08-27
0001516479,2019-06-10
0001517342,2017-11-16
0001518403,2019-09-11
0001521847,2017-01-16
0001525773,2020-05-13
0001526689,2019-12-15
0001526796,2017-06-06
0001526948,2011-11-29
0001527844,2020-03-19
0001528837,2019-08-11
0001529463,2020-09-22
0001532543,2015-04-07
0001532750,2016-07-27
0001532930,2016-06-07
0001533924,2016-04-30
0001534287,2018-05-04
0001536256,2017-05-30
0001540729,2020-03-10
0001541354,2017-06-30
0001547638,2019-04-01
0001549145,2018-10-22
0001549756,2016-05-11
0001549848,2020-07-12
0001551510,2013-03-25
0001553588,2016-02-01
0001554875,2018-07-10
0001554923,2017-06-22
0001555082,2019-10-03
0001555177,2019-07-15
0001555492,2016-05-02
0001556739,2013-03-18
0001560186,2017-09-12
0001561551,2018-01-28
0001562594,2016-01-27
0001567892,2020-10-12
0001568079,2019-09-04
0001568832,2016-01-31
0001573166,2019-04-14
0001575360,2019-06-03
0001575599,2017-01-30
0001579010,2019-11-04
0001579252,2020-06-24
0001580185,2017-12-11
0001581312,2016-06-13
0001581545,2020-12-17
0001582054,2016-02-08
0001584952,2019-10-03
0001585644,2019-02-25
0001586105,2018-10-30
0001586300,2016-05-05
0001588242,2016-03-16
0001594590,2016-02-16
0001602367,2017-04-19
0001603923,2019-07-01
0001606180,2020-06-20
0001609253,2020-07-15
0001613011,2016-05-18
0001615817,2016-07-20
0001619250,2020-02-09
0001623595,2016-07-27
0001627606,2020-07-08
0001636509,2020-06-15
0001648893,2019-11-12
0001650445,2020-04-07
0001655020,2020-06-14
0001656328,2019-09-16
0001657853,2020-05-22
0001659122,2020-07-26
0001660719,2018-08-10
0001661920,2020-09-30
0001669812,2020-04-13
0001672326,2020-04-15
0001690769,2019-09-11
0001720201,2019-08-05
0001722287,2020-06-29
0001725750,2020-02-21
0001735707,2020-09-20
0001735828,2019-06-18
0001814974,2020-09-22
